INSERT INTO Canale(URL, URL_Trailer, Descrizione, Numero_di_Live, Numero_di_Video, Numero_di_Clip, URL_Img_di_Copertina, URL_Img_Profilo, URL_Ultima_Live, Numero_di_Follow) VALUES
    ('twitch.com/esportsgamingchannel', 'twitch.com/esportsgamingchannel/trailer.mp4', 'descrizione di prova', 0, 0, 0, 'twitch.com/esportsgamingchannel/img_copertina.jpg', 'twitch.com/esportsgamingchannel/img_profilo.jpg', NULL, 2),
    ('twitch.com/artandmusicstreaming', 'twitch.com/artandmusicstreaming/trailer.mp4', 'descrizione di prova', 7, 7, 4, 'twitch.com/artandmusicstreaming/img_copertina.jpg', 'twitch.com/artandmusicstreaming/img_profilo.jpg', NULL, 22),
    ('twitch.com/lifestylevloggers', 'twitch.com/lifestylevloggers/trailer.mp4', 'descrizione di prova', 3, 2, 2, 'twitch.com/lifestylevloggers/img_copertina.jpg', 'twitch.com/lifestylevloggers/img_profilo.jpg', 'twitch.com/lifestylevloggers/live_passate/live_del_2019-05-11.mp4', 1),
    ('twitch.com/gamingnewsupdates', 'twitch.com/gamingnewsupdates/trailer.mp4', 'descrizione di prova', 0, 0, 0, 'twitch.com/gamingnewsupdates/img_copertina.jpg', 'twitch.com/gamingnewsupdates/img_profilo.img', 'twitch.com/gamingnewsupdates/ww48nt8yg5nytc89n34ycm824t14c3myy23v5t2957yt', 0),
    ('twitch.com/cookingandrecipeslive', 'twitch.com/cookingandrecipeslive/trailer.mp4', 'descrizione di prova', 0, 0, 0, 'twitch.com/cookingandrecipeslive/img_copertina.jpg', 'twitch.com/cookingandrecipeslive/img_profilo.jpg', NULL, 0),
    ('twitch.com/ShadowLurker', 'twitch.com/ShadowLurker/trailer.mp4', 'descrizione di prova', 0, 0, 0, 'twitch.com/ShadowLurker/img_copertina.jpg', 'twitch.com/ShadowLurker/img_profilo.jpg', NULL, 0),
    ('twitch.com/MysticEnigma', 'twitch.com/MysticEnigma/trailer.mp4', 'descrizione di prova', 0, 0, 0, 'twitch.com/MysticEnigma/img_copertina.jpg', 'twitch.com/MysticEnigma/img_profilo.jpg', NULL, 0),
    ('twitch.com/CrimsonPhoenix', 'twitch.com/CrimsonPhoenix/trailer.mp4', 'descrizione di prova', 0, 0, 0, 'twitch.com/CrimsonPhoenix/img_copertina.jpg', 'twitch.com/CrimsonPhoenix/img_profilo.jpg', NULL, 0),
    ('twitch.com/DreamWeaverX', 'twitch.com/DreamWeaverX/trailer.mp4', 'descrizione di prova', 0, 0, 0, 'twitch.com/DreamWeaverX/img_copertina.jpg', 'twitch.com/DreamWeaverX/img_profilo.jpg', NULL, 0),
    ('twitch.com/NightFuryX', 'twitch.com/NightFuryX/trailer.mp4', 'descrizione di prova', 0, 0, 0, 'twitch.com/NightFuryX/img_copertina.jpg', 'twitch.com/NightFuryX/img_profilo.jpg', NULL, 0),
    ('twitch.com/ArcaneNinja', 'twitch.com/ArcaneNinja/trailer.mp4', 'descrizione di prova', 0, 0, 0, 'twitch.com/ArcaneNinja/img_copertina.jpg', 'twitch.com/ArcaneNinja/img_profilo.jpg', NULL, 0),
    ('twitch.com/ElementalGoddess', 'twitch.com/ElementalGoddess/trailer.mp4', 'descrizione di prova', 0, 0, 0, 'twitch.com/ElementalGoddess/img_copertina.jpg', 'twitch.com/ElementalGoddess/img_profilo.jpg', NULL, 0),
    ('twitch.com/DragonSlayerX', 'twitch.com/DragonSlayerX/trailer.mp4', 'descrizione di prova', 0, 0, 0, 'twitch.com/DragonSlayerX/img_copertina.jpg', 'twitch.com/DragonSlayerX/img_profilo.jpg', NULL, 0),
    ('twitch.com/EnchantedWarrior', 'twitch.com/EnchantedWarrior/trailer.mp4', 'descrizione di prova', 0, 0, 0, 'twitch.com/EnchantedWarrior/img_copertina.jpg', 'twitch.com/EnchantedWarrior/img_profilo.jpg', NULL, 0),
    ('twitch.com/SorceressQueen', 'twitch.com/SorceressQueen/trailer.mp4', 'descrizione di prova', 0, 0, 0, 'twitch.com/SorceressQueen/img_copertina.jpg', 'twitch.com/SorceressQueen/img_profilo.jpg', NULL, 0),
    ('twitch.com/EternalFlameX', 'twitch.com/EternalFlameX/trailer.mp4', 'descrizione di prova', 0, 0, 0, 'twitch.com/EternalFlameX/img_copertina.jpg', 'twitch.com/EternalFlameX/img_profilo.jpg', NULL, 0),
    ('twitch.com/CelestialSiren', 'twitch.com/CelestialSiren/trailer.mp4', 'descrizione di prova', 0, 0, 0, 'twitch.com/CelestialSiren/img_copertina.jpg', 'twitch.com/CelestialSiren/img_profilo.jpg', NULL, 0),
    ('twitch.com/GalaxyGiver', 'twitch.com/GalaxyGiver/trailer.mp4', 'descrizione di prova', 0, 0, 0, 'twitch.com/GalaxyGiver/img_copertina.jpg', 'twitch.com/GalaxyGiver/img_profilo.jpg', NULL, 0),
    ('twitch.com/MysticSeekerX', 'twitch.com/MysticSeekerX/trailer.mp4', 'descrizione di prova', 0, 0, 0, 'twitch.com/MysticSeekerX/img_copertina.jpg', 'twitch.com/MysticSeekerX/img_profilo.jpg', NULL, 0),
    ('twitch.com/SunlightSavior', 'twitch.com/SunlightSavior/trailer.mp4', 'descrizione di prova', 0, 0, 0, 'twitch.com/SunlightSavior/img_copertina.jpg', 'twitch.com/SunlightSavior/img_profilo.jpg', NULL, 0),
    ('twitch.com/EmeraldEmbraceX', 'twitch.com/EmeraldEmbraceX/trailer.mp4', 'descrizione di prova', 0, 0, 0, 'twitch.com/EmeraldEmbraceX/img_copertina.jpg', 'twitch.com/EmeraldEmbraceX/img_profilo.jpg', NULL, 0),
    ('twitch.com/PhoenixRising', 'twitch.com/PhoenixRising/trailer.mp4', 'descrizione di prova', 0, 0, 0, 'twitch.com/PhoenixRising/img_copertina.jpg', 'twitch.com/PhoenixRising/img_profilo.jpg', NULL, 0),
    ('twitch.com/MysticalMermaid', 'twitch.com/MysticalMermaid/trailer.mp4', 'descrizione di prova', 0, 0, 0, 'twitch.com/MysticalMermaid/img_copertina.jpg', 'twitch.com/MysticalMermaid/img_profilo.jpg', NULL, 0),
    ('twitch.com/CosmicCrafterX', 'twitch.com/CosmicCrafterX/trailer.mp4', 'descrizione di prova', 0, 0, 0, 'twitch.com/CosmicCrafterX/img_copertina.jpg', 'twitch.com/CosmicCrafterX/img_profilo.jpg', NULL, 0),
    ('twitch.com/GlowingGuard', 'twitch.com/GlowingGuard/trailer.mp4', 'descrizione di prova', 0, 0, 0, 'twitch.com/GlowingGuard/img_copertina.jpg', 'twitch.com/GlowingGuard/img_profilo.jpg', NULL, 0);

INSERT INTO Categoria (Nome, URL_img) VALUES
    ('Minecraft', 'twitch.com/categorie/Minecraft.jpg'),
    ('Fortnite', 'twitch.com/categorie/Fortnite.jpg'),
    ('Call_of_Duty', 'twitch.com/categorie/Call_of_Duty.jpg'),
    ('Assassins_Creed', 'twitch.com/categorie/Assassins_Creed.jpg'),
    ('Grand_Theft_Auto', 'twitch.com/categorie/Grand_Theft_Auto.jpg'),
    ('The_Legend_of_Zelda', 'twitch.com/categorie/The_Legend_of_Zelda.jpg'),
    ('Super_Mario_Bros', 'twitch.com/categorie/Super_Mario_Bros.jpg'),
    ('Pokemon', 'twitch.com/categorie/Pokemon.jpg'),
    ('Overwatch', 'twitch.com/categorie/Overwatch.jpg'),
    ('League_of_Legends', 'twitch.com/categorie/League_of_Legends.jpg'),
    ('Just_Chat', 'twitch.com/categorie/JustChat.jpg');


INSERT INTO Live_Programmate (Canale, Data, Ora_Inizio, Ora_Fine, Titolo, Categoria) VALUES
    ('twitch.com/esportsgamingchannel', '2020-01-03', '20:30:00', '23:00:00', 'che bello strimmare su twitch!!', 'Call_of_Duty'),
    ('twitch.com/esportsgamingchannel', '2020-03-01', '14:00:00', '20:00:00', 'che emozione strimmare su twitch!!', 'Grand_Theft_Auto'),
    ('twitch.com/lifestylevloggers', '2020-05-10', '12:30:00', '17:00:00', 'che goduria strimmare su twitch!!', 'Fortnite'),
    ('twitch.com/gamingnewsupdates', '2020-01-02', '12:30:00', '17:00:00', 'che giubilo strimmare su twitch!!', 'Minecraft'),
    ('twitch.com/gamingnewsupdates', '2020-01-03', '15:30:00', '18:00:00', 'che brutto strimmare su twitch!!', 'Minecraft'),
    ('twitch.com/gamingnewsupdates', '2020-01-04', '15:30:00', '18:00:00', 'che sofferenza strimmare su twitch!!', 'Minecraft'),
    ('twitch.com/cookingandrecipeslive', '2020-01-10', '10:00:00', '11:00:00', 'che  strimmare su twitch!!', 'Pokemon');

INSERT INTO Social (URL_Account, Nome, Canale) VALUES
    ('www.facebook.com/esportsgamingchannel', 'facebook' ,'twitch.com/esportsgamingchannel'),
    ('www.instagram.com/esportsgamingchannel', 'instagram' ,'twitch.com/esportsgamingchannel'),
    ('www.tiktok.com/esportsgamingchannel', 'tiktok' ,'twitch.com/esportsgamingchannel'),
    ('www.twitter.com/esportsgamingchannel', 'twitter' ,'twitch.com/esportsgamingchannel'),
    ('www.instagram.com/artandmusicstreaming', 'instagram' ,'twitch.com/artandmusicstreaming'),
    ('www.facebook.com/lifestylevloggers', 'facebook' ,'twitch.com/lifestylevloggers'),
    ('www.instagram.com/lifestylevloggers', 'instagram' ,'twitch.com/lifestylevloggers'),
    ('www.instagram.com/gamingnewsupdates', 'instagram' ,'twitch.com/gamingnewsupdates'),
    ('www.tiktok.com/gamingnewsupdates', 'tiktok' ,'twitch.com/gamingnewsupdates');


INSERT INTO Multimedia (URL, URL_Img_Copertina, Canale, Categoria) VALUES
    -- Live_in_Diretta
    ('twitch.com/artandmusicstreaming/diretta.html', 'twitch.com/artandmusicstreaming/diretta.jpg', 'twitch.com/artandmusicstreaming', 'Fortnite'),
    -- Live_Passate
    ('twitch.com/artandmusicstreaming/live_passate/live_del_2019-05-10.mp4', 'twitch.com/artandmusicstreaming/live_passate/live_del_2019-05-10.jpg', 'twitch.com/artandmusicstreaming', 'Grand_Theft_Auto'),
    ('twitch.com/artandmusicstreaming/live_passate/live_del_2019-05-11.mp4', 'twitch.com/artandmusicstreaming/live_passate/live_del_2019-05-11.jpg', 'twitch.com/artandmusicstreaming', 'Minecraft'),
    ('twitch.com/artandmusicstreaming/live_passate/live_del_2019-05-12.mp4', 'twitch.com/artandmusicstreaming/live_passate/live_del_2019-05-12.jpg', 'twitch.com/artandmusicstreaming', 'Fortnite'),
    ('twitch.com/artandmusicstreaming/live_passate/live_del_2019-05-13.mp4', 'twitch.com/artandmusicstreaming/live_passate/live_del_2019-05-13.jpg', 'twitch.com/artandmusicstreaming', 'Fortnite'),
    ('twitch.com/artandmusicstreaming/live_passate/live_del_2019-05-14.mp4', 'twitch.com/artandmusicstreaming/live_passate/live_del_2019-05-14.jpg', 'twitch.com/artandmusicstreaming', 'Fortnite'),
    ('twitch.com/artandmusicstreaming/live_passate/live_del_2019-05-15.mp4', 'twitch.com/artandmusicstreaming/live_passate/live_del_2019-05-15.jpg', 'twitch.com/artandmusicstreaming', 'Fortnite'),
    ('twitch.com/artandmusicstreaming/live_passate/live_del_2019-05-16.mp4', 'twitch.com/artandmusicstreaming/live_passate/live_del_2019-05-16.jpg', 'twitch.com/artandmusicstreaming', 'Minecraft'),
    ('twitch.com/lifestylevloggers/live_passate/live_del_2019-05-02.mp4', 'twitch.com/lifestylevloggers/live_passate/live_del_2019-05-02.jpg', 'twitch.com/lifestylevloggers', 'Call_of_Duty'),
    ('twitch.com/lifestylevloggers/live_passate/live_del_2019-05-10.mp4', 'twitch.com/lifestylevloggers/live_passate/live_del_2019-05-10.jpg', 'twitch.com/lifestylevloggers', 'Fortnite'),
    ('twitch.com/lifestylevloggers/live_passate/live_del_2019-05-11.mp4', 'twitch.com/lifestylevloggers/live_passate/live_del_2019-05-11.jpg', 'twitch.com/lifestylevloggers', 'Minecraft'),
    -- Video
    ('twitch.com/artandmusicstreaming/video/video_live_del_2019-05-10.mp4', 'twitch.com/artandmusicstreaming/video/video_live_del_2019-05-10.jpg', 'twitch.com/artandmusicstreaming', 'Grand_Theft_Auto'),
    ('twitch.com/artandmusicstreaming/video/video_live_del_2019-05-11.mp4', 'twitch.com/artandmusicstreaming/video/video_live_del_2019-05-11.jpg', 'twitch.com/artandmusicstreaming', 'Minecraft'),
    ('twitch.com/artandmusicstreaming/video/video_live_del_2019-05-12.mp4', 'twitch.com/artandmusicstreaming/video/video_live_del_2019-05-12.jpg', 'twitch.com/artandmusicstreaming', 'Fortnite'),
    ('twitch.com/artandmusicstreaming/video/video_live_del_2019-05-13.mp4', 'twitch.com/artandmusicstreaming/video/video_live_del_2019-05-13.jpg', 'twitch.com/artandmusicstreaming', 'Fortnite'),
    ('twitch.com/artandmusicstreaming/video/video_live_del_2019-05-14.mp4', 'twitch.com/artandmusicstreaming/video/video_live_del_2019-05-14.jpg', 'twitch.com/artandmusicstreaming', 'Fortnite'),
    ('twitch.com/artandmusicstreaming/video/video_live_del_2019-05-15.mp4', 'twitch.com/artandmusicstreaming/video/video_live_del_2019-05-15.jpg', 'twitch.com/artandmusicstreaming', 'Minecraft'),
    ('twitch.com/artandmusicstreaming/video/video_live_del_2019-05-16.mp4', 'twitch.com/artandmusicstreaming/video/video_live_del_2019-05-16.jpg', 'twitch.com/artandmusicstreaming', 'Minecraft'),
    ('twitch.com/lifestylevloggers/video/video_live_del_2019-05-02.mp4', 'twitch.com/lifestylevloggers/video/video_live_del_2019-05-02.jpg', 'twitch.com/lifestylevloggers', 'Call_of_Duty'),
    ('twitch.com/lifestylevloggers/video/video_live_del_2019-05-10.mp4', 'twitch.com/lifestylevloggers/video/video_live_del_2019-05-10.jpg', 'twitch.com/lifestylevloggers', 'Fortnite'),
    --Clip
    ('twitch.com/artandmusicstreaming/clip/clip_01_live_del_2019-05-10.mp4', 'twitch.com/artandmusicstreaming/clip/clip_01_live_del_2019-05-10.jpg', 'twitch.com/artandmusicstreaming', 'Grand_Theft_Auto'),
    ('twitch.com/artandmusicstreaming/clip/clip_01_live_del_2019-05-12.mp4', 'twitch.com/artandmusicstreaming/clip/clip_01_live_del_2019-05-12.jpg', 'twitch.com/artandmusicstreaming', 'Fortnite'),
    ('twitch.com/artandmusicstreaming/clip/clip_01_live_del_2019-05-14.mp4', 'twitch.com/artandmusicstreaming/clip/clip_01_live_del_2019-05-14.jpg', 'twitch.com/artandmusicstreaming', 'Fortnite'),
    ('twitch.com/artandmusicstreaming/clip/clip_01_live_del_2019-05-15.mp4', 'twitch.com/artandmusicstreaming/clip/clip_01_live_del_2019-05-15.jpg', 'twitch.com/artandmusicstreaming', 'Minecraft'),
    ('twitch.com/artandmusicstreaming/clip/clip_01_live_del_2019-05-16.mp4', 'twitch.com/artandmusicstreaming/clip/clip_01_live_del_2019-05-16.jpg', 'twitch.com/artandmusicstreaming', 'Minecraft'),
    ('twitch.com/lifestylevloggers/clip/clip_01_live_del_2019-05-02.mp4', 'twitch.com/lifestylevloggers/clip/clip_01_live_del_2019-05-02.jpg', 'twitch.com/lifestylevloggers', 'Call_of_Duty'),
    ('twitch.com/lifestylevloggers/clip/clip_01_live_del_2019-05-10.mp4', 'twitch.com/lifestylevloggers/clip/clip_01_live_del_2019-05-10.jpg', 'twitch.com/lifestylevloggers', 'Fortnite');

INSERT INTO Tag (Nome) VALUES
    ('Minecraft'),
    ('Fortnite'),
    ('Call_of_Duty'),
    ('Assassins_Creed'),
    ('Grand_Theft_Auto'),
    ('The_Legend_of_Zelda'),
    ('Super_Mario_Bros'),
    ('Pokemon'),
    ('Overwatch'),
    ('League_of_Legends'),
    ('italiano'),
    ('inglese'),
    ('francese'),
    ('russo'),
    ('tedesco'),
    ('accesso_anticipato'),
    ('drop_attivi');

INSERT INTO Live_Passate (URL, Titolo, Data, Ora_Inizio, Ora_Fine, Durata, Numero_Spettatori, Media_Spettatori) VALUES
    ('twitch.com/artandmusicstreaming/live_passate/live_del_2019-05-10.mp4', 'live_del_2019-05-10', '2019-05-10', '17:00:00', '19:30:00', 150 , 200, 100),
    ('twitch.com/artandmusicstreaming/live_passate/live_del_2019-05-11.mp4', 'live_del_2019-05-11', '2019-05-11', '17:00:00', '19:30:00', 150 , 200, 100),
    ('twitch.com/artandmusicstreaming/live_passate/live_del_2019-05-12.mp4', 'live_del_2019-05-12', '2019-05-12', '17:00:00', '19:30:00', 150 , 200, 100),
    ('twitch.com/artandmusicstreaming/live_passate/live_del_2019-05-13.mp4', 'live_del_2019-05-13', '2019-05-13', '17:00:00', '19:30:00', 150 , 200, 100),
    ('twitch.com/artandmusicstreaming/live_passate/live_del_2019-05-14.mp4', 'live_del_2019-05-14', '2019-05-14', '17:00:00', '19:30:00', 150 , 200, 100),
    ('twitch.com/artandmusicstreaming/live_passate/live_del_2019-05-15.mp4', 'live_del_2019-05-15', '2019-05-15', '17:00:00', '19:30:00', 150 , 200, 100),
    ('twitch.com/artandmusicstreaming/live_passate/live_del_2019-05-16.mp4', 'live_del_2019-05-16', '2019-05-16', '17:00:00', '19:30:00', 150 , 200, 100),
    ('twitch.com/lifestylevloggers/live_passate/live_del_2019-05-02.mp4', 'live_del_2019-05-02', '2019-05-02', '17:00:00', '19:30:00', 150 , 200, 100),
    ('twitch.com/lifestylevloggers/live_passate/live_del_2019-05-10.mp4', 'live_del_2019-05-10', '2019-05-10', '17:00:00', '19:30:00', 150 , 200, 100),
    ('twitch.com/lifestylevloggers/live_passate/live_del_2019-05-11.mp4', 'live_del_2019-05-11', '2019-05-11', '17:00:00', '19:30:00', 150 , 200, 100);

INSERT INTO Video (URL,Titolo, Data, Durata, Numero_Visualizzazioni, Fonte) VALUES
    ('twitch.com/artandmusicstreaming/video/video_live_del_2019-05-10.mp4', 'video_live_del_2019-05-10', '2019-05-10', 150 , 100, 'twitch.com/artandmusicstreaming/live_passate/live_del_2019-05-10.mp4'),
    ('twitch.com/artandmusicstreaming/video/video_live_del_2019-05-11.mp4', 'video_live_del_2019-05-11', '2019-05-11', 150 , 100, 'twitch.com/artandmusicstreaming/live_passate/live_del_2019-05-11.mp4'),
    ('twitch.com/artandmusicstreaming/video/video_live_del_2019-05-12.mp4', 'video_live_del_2019-05-12', '2019-05-12', 150 , 100, 'twitch.com/artandmusicstreaming/live_passate/live_del_2019-05-12.mp4'),
    ('twitch.com/artandmusicstreaming/video/video_live_del_2019-05-13.mp4', 'video_live_del_2019-05-13', '2019-05-13', 150 , 100, 'twitch.com/artandmusicstreaming/live_passate/live_del_2019-05-13.mp4'),
    ('twitch.com/artandmusicstreaming/video/video_live_del_2019-05-14.mp4', 'video_live_del_2019-05-14', '2019-05-14', 150 , 100, 'twitch.com/artandmusicstreaming/live_passate/live_del_2019-05-14.mp4'),
    ('twitch.com/artandmusicstreaming/video/video_live_del_2019-05-15.mp4', 'video_live_del_2019-05-15', '2019-05-15', 150 , 100, 'twitch.com/artandmusicstreaming/live_passate/live_del_2019-05-15.mp4'),
    ('twitch.com/artandmusicstreaming/video/video_live_del_2019-05-16.mp4', 'video_live_del_2019-05-16', '2019-05-16', 150 , 100, 'twitch.com/artandmusicstreaming/live_passate/live_del_2019-05-16.mp4'),
    ('twitch.com/lifestylevloggers/video/video_live_del_2019-05-02.mp4', 'video_live_del_2019-05-02', '2019-05-02', 150 , 100, 'twitch.com/lifestylevloggers/live_passate/live_del_2019-05-02.mp4'),
    ('twitch.com/lifestylevloggers/video/video_live_del_2019-05-10.mp4', 'video_live_del_2019-05-10', '2019-05-10', 150 , 100, 'twitch.com/lifestylevloggers/live_passate/live_del_2019-05-10.mp4');

INSERT INTO Clip (URL, Titolo, Data, Durata, Numero_Visualizzazioni) VALUES
    ('twitch.com/artandmusicstreaming/clip/clip_01_live_del_2019-05-10.mp4','clip_01_live_del_2019-05-10','2019-05-10', 20 , 90),
    ('twitch.com/artandmusicstreaming/clip/clip_01_live_del_2019-05-12.mp4','clip_01_live_del_2019-05-12','2019-05-12', 20 , 80),
    ('twitch.com/artandmusicstreaming/clip/clip_01_live_del_2019-05-14.mp4','clip_01_live_del_2019-05-14','2019-05-14', 20 , 70),
    ('twitch.com/artandmusicstreaming/clip/clip_01_live_del_2019-05-15.mp4','clip_01_live_del_2019-05-15','2019-05-15', 20 , 70),
    ('twitch.com/artandmusicstreaming/clip/clip_01_live_del_2019-05-16.mp4','clip_01_live_del_2019-05-16','2019-05-16', 20 , 30),
    ('twitch.com/lifestylevloggers/clip/clip_01_live_del_2019-05-02.mp4','clip_01_live_del_2019-05-02','2019-05-02', 20 , 10),
    ('twitch.com/lifestylevloggers/clip/clip_01_live_del_2019-05-10.mp4','clip_01_live_del_2019-05-10','2019-05-10', 20 , 30);

INSERT INTO Tag_Live_Passate (URL, Tag) VALUES
    ('twitch.com/artandmusicstreaming/live_passate/live_del_2019-05-10.mp4', 'Grand_Theft_Auto'),
    ('twitch.com/artandmusicstreaming/live_passate/live_del_2019-05-11.mp4', 'Minecraft'),
    ('twitch.com/artandmusicstreaming/live_passate/live_del_2019-05-12.mp4', 'Fortnite'),
    ('twitch.com/artandmusicstreaming/live_passate/live_del_2019-05-13.mp4', 'Fortnite'),
    ('twitch.com/artandmusicstreaming/live_passate/live_del_2019-05-14.mp4', 'Fortnite'),
    ('twitch.com/artandmusicstreaming/live_passate/live_del_2019-05-14.mp4', 'drop_attivi'),
    ('twitch.com/artandmusicstreaming/live_passate/live_del_2019-05-15.mp4', 'Minecraft'),
    ('twitch.com/artandmusicstreaming/live_passate/live_del_2019-05-16.mp4', 'drop_attivi'),
    ('twitch.com/artandmusicstreaming/live_passate/live_del_2019-05-16.mp4', 'Minecraft'),
    ('twitch.com/lifestylevloggers/live_passate/live_del_2019-05-02.mp4', 'Call_of_Duty'),
    ('twitch.com/lifestylevloggers/live_passate/live_del_2019-05-02.mp4', 'italiano'),
    ('twitch.com/lifestylevloggers/live_passate/live_del_2019-05-02.mp4', 'drop_attivi'),
    ('twitch.com/lifestylevloggers/live_passate/live_del_2019-05-10.mp4', 'Fortnite'),
    ('twitch.com/lifestylevloggers/live_passate/live_del_2019-05-11.mp4', 'Minecraft');

INSERT INTO Tag_Video (URL, Tag) VALUES
    ('twitch.com/artandmusicstreaming/video/video_live_del_2019-05-10.mp4', 'Grand_Theft_Auto'),
    ('twitch.com/artandmusicstreaming/video/video_live_del_2019-05-11.mp4', 'Minecraft'),
    ('twitch.com/artandmusicstreaming/video/video_live_del_2019-05-12.mp4', 'Fortnite'),
    ('twitch.com/artandmusicstreaming/video/video_live_del_2019-05-13.mp4', 'Fortnite'),
    ('twitch.com/artandmusicstreaming/video/video_live_del_2019-05-14.mp4', 'Fortnite'),
    ('twitch.com/artandmusicstreaming/video/video_live_del_2019-05-14.mp4', 'drop_attivi'),
    ('twitch.com/artandmusicstreaming/video/video_live_del_2019-05-15.mp4', 'Minecraft'),
    ('twitch.com/artandmusicstreaming/video/video_live_del_2019-05-16.mp4', 'drop_attivi'),
    ('twitch.com/artandmusicstreaming/video/video_live_del_2019-05-16.mp4', 'Minecraft'),
    ('twitch.com/lifestylevloggers/video/video_live_del_2019-05-02.mp4', 'Call_of_Duty'),
    ('twitch.com/lifestylevloggers/video/video_live_del_2019-05-02.mp4', 'italiano'),
    ('twitch.com/lifestylevloggers/video/video_live_del_2019-05-02.mp4', 'drop_attivi'),
    ('twitch.com/lifestylevloggers/video/video_live_del_2019-05-10.mp4', 'Fortnite');

INSERT INTO Privilegi (Tipo) VALUES
    ('no_publicita'),
    ('emoticons'),
    ('icona_canale'),
    ('chat_solo_abbonati'),
    ('co_op');

INSERT INTO Registrato (Username, Password, Nome, Cognome, Data_di_nascita, Email, Cellulare, Minuti_Trasmessi, Media_Spettatori_Simultanei, Portafoglio_di_Bit, URL_Canale) VALUES
    ('esportsgamingchannel', '7b5f9d2r', 'Mario', 'Rossi', '2000-02-05', 'esportsgamingchannel@gmail.com', '+393774441550', 0, 200, 0, 'twitch.com/esportsgamingchannel'),
    ('artandmusicstreaming', 't8m4j6q1', 'Luca', 'Verdi', '2000-01-05', 'artandmusicstreaming@gmail.com', '+393774441551', 1050, 200, 30, 'twitch.com/artandmusicstreaming'),
    ('lifestylevloggers', 'f5h2r6s7', 'Veronica', 'Neri', '2001-10-07', 'lifestylevloggers@gmail.com', '+393774441552', 0, 200, 5, 'twitch.com/lifestylevloggers'),
    ('gamingnewsupdates', 'b9k1j4p7', 'Guido', 'Lavespa', '2003-12-20', 'gamingnewsupdates@gmail.com', '+393774441553', 450, 200, 25, 'twitch.com/gamingnewsupdates'),
    ('cookingandrecipeslive', 's6p2t8b1', 'Gustavo', 'Lapizza', '2003-03-24', 'cookingandrecipeslive@gmail.com', '+393774441554', 0, 200, 95, 'twitch.com/cookingandrecipeslive'),
    ('ShadowLurker', '2d6f7s8a', 'Maria', 'Rossi', '2003-03-24', 'ShadowLurker@gmail.com', '+393774441754', 0, 0, 0, 'twitch.com/ShadowLurker'),
    ('MysticEnigma', 'c9h1j7m5', 'Paolo', 'Bianchi', '2003-03-24', 'MysticEnigma@gmail.com', '+393774441654', 0, 0, 0, 'twitch.com/MysticEnigma'),
    ('CrimsonPhoenix', 'w3e4r6u8', 'Chiara', 'Neri', '2003-03-24', 'CrimsonPhoenix@gmail.com', '+393574441554', 0, 0, 0, 'twitch.com/CrimsonPhoenix'),
    ('DreamWeaverX', '5t6y2u4i', 'Marco', 'Verdi', '2003-03-24', 'DreamWeaverX@gmail.com', '+393774431554', 0, 0, 0, 'twitch.com/DreamWeaverX'),
    ('NightFuryX', '1h3j5b7n', 'Federica', 'Rosso', '2003-03-24', 'NightFuryX@gmail.com', '+393774441552', 0, 0, 0, 'twitch.com/NightFuryX'),
    ('ArcaneNinja', 'e4r9t2u5', 'Simone', 'Grigio', '2003-03-24', 'ArcaneNinja@gmail.com', '+393774441154', 0, 0, 0, 'twitch.com/ArcaneNinja'),
    ('ElementalGoddess', '8f7d2s1g', 'Martina', 'Viola', '2003-03-24', 'ElementalGoddess@gmail.com', '+393334441554', 0, 0, 0, 'twitch.com/ElementalGoddess'),
    ('DragonSlayerX', 'b6n1m2t7', 'Luigi', 'Gialli', '2003-03-24', 'DragonSlayerX@gmail.com', '+393734441554', 0, 0, 0, 'twitch.com/DragonSlayerX'),
    ('EnchantedWarrior', 'q4e6r2t8', 'Laura', 'Marrone', '2003-03-24', 'EnchantedWarrior@gmail.com', '+393771441554', 0, 0, 0, 'twitch.com/EnchantedWarrior'),
    ('SorceressQueen', '3y7t2h9k', 'Giovanni', 'Celeste', '2003-03-24', 'SorceressQueen@gmail.com', '+393774441114', 0, 0, 0, 'twitch.com/SorceressQueen'),
    ('EternalFlameX', 'p6k8j5h2', 'Giulia', 'Arancione', '2003-03-24', 'EternalFlameX@gmail.com', '+393774441556', 0, 0, 0, 'twitch.com/EternalFlameX'),
    ('CelestialSiren', 'r9w2e1q7', 'Davide', 'Oro', '2003-03-24', 'CelestialSiren@gmail.com', '+393775541554', 0, 0, 0, 'twitch.com/CelestialSiren'),
    ('GalaxyGiver', '6y7u4t1h', 'Eleonora', 'Turchese', '2003-03-24', 'GalaxyGiver@gmail.com', '+393774381554', 0, 0, 0, 'twitch.com/GalaxyGiver'),
    ('MysticSeekerX', 's8d7f2g5', 'Andrea', 'Blu', '2003-03-24', 'MysticSeekerX@gmail.com', '+393732441554', 0, 0, 0, 'twitch.com/MysticSeekerX'),
    ('SunlightSavior', 'j4h2k7n5', 'Sofia', 'Nero', '2003-03-24', 'SunlightSavior@gmail.com', '+393774888554', 0, 0, 0, 'twitch.com/SunlightSavior'),
    ('EmeraldEmbraceX', '2p6l4k9j', 'Mattia', 'Rubino', '2003-03-24', 'EmeraldEmbraceX@gmail.com', '+393774412554', 0, 0, 0, 'twitch.com/EmeraldEmbraceX'),
    ('PhoenixRising', '8d6s7q4f', 'Elisa', 'Fucsia', '2003-03-24', 'PhoenixRising@gmail.com', '+393774441524', 0, 0, 0, 'twitch.com/PhoenixRising'),
    ('MysticalMermaid', 'u1i5o8p2', 'Roberto', 'Beige', '2003-03-24', 'MysticalMermaid@gmail.com', '+393774441222', 0, 0, 0, 'twitch.com/MysticalMermaid'),
    ('CosmicCrafterX', 'm7n8b4t1', 'Valentina', 'Azzurro', '2003-03-24', 'CosmicCrafterX@gmail.com', '+393774441332', 0, 0, 0, 'twitch.com/CosmicCrafterX'),
    ('GlowingGuard', '2h4j6k8l', 'Luca', 'Rame', '2003-03-24', 'GlowingGuard@gmail.com', '+393771141556', 0, 0, 0, 'twitch.com/GlowingGuard');


INSERT INTO Affiliate (Username, Sottoscrizioni, Bit_Ricevuti) VALUES
    ('artandmusicstreaming', 3, 20);

INSERT INTO Messaggio_Privato (Mittente, Data, Ora, Messaggio, Destinatario) VALUES
    ('esportsgamingchannel', '2019-06-02', '17:00:01', 'hai visto la live di oggi?', 'artandmusicstreaming'),
    ('artandmusicstreaming', '2019-06-02', '17:02:00', 'no, non mi piace questo sito', 'esportsgamingchannel'),
    ('esportsgamingchannel', '2019-06-02', '17:03:00', 'gia, è abbastanza losco', 'artandmusicstreaming'),
    ('artandmusicstreaming', '2019-06-02', '17:04:00', 'però il mio papà ha detto che il database è ben fatto', 'esportsgamingchannel'),
    ('esportsgamingchannel', '2019-06-02', '17:09:00', 'hey, ciao, cosa ne pensi di questo sito tu invece?', 'cookingandrecipeslive'),
    ('cookingandrecipeslive', '2019-06-02', '17:10:05', 'ciaoo, paicerè Gustavo, vuoi uscire con me?', 'lifestylevloggers'),
    ('cookingandrecipeslive', '2019-06-02', '17:10:30', 'vabbe dai, mi rispondi quando leggi... non ti metto fretta', 'lifestylevloggers'),
    ('lifestylevloggers', '2019-06-02', '20:00:20', 'ma certo tesoro, piacere Martino', 'cookingandrecipeslive');

INSERT INTO Donazione (Registrato, Affiliate, Data, Ora, Valore) VALUES
    ('cookingandrecipeslive', 'artandmusicstreaming', '2019-05-14', '17:30:10', 5),
    ('cookingandrecipeslive', 'artandmusicstreaming', '2019-05-14', '17:40:10', 5),
    ('cookingandrecipeslive', 'artandmusicstreaming', '2019-05-14', '17:50:10', 10);

INSERT INTO Follow (Registrato, Canale) VALUES
    ('cookingandrecipeslive', 'twitch.com/artandmusicstreaming'),
    ('cookingandrecipeslive', 'twitch.com/lifestylevloggers'),
    ('cookingandrecipeslive', 'twitch.com/esportsgamingchannel'),
    ('artandmusicstreaming', 'twitch.com/esportsgamingchannel'),
    ('esportsgamingchannel', 'twitch.com/artandmusicstreaming'),

    ('ShadowLurker', 'twitch.com/artandmusicstreaming'), 
    ('MysticEnigma', 'twitch.com/artandmusicstreaming'),
    ('CrimsonPhoenix', 'twitch.com/artandmusicstreaming'),
    ('DreamWeaverX', 'twitch.com/artandmusicstreaming'),
    ('NightFuryX', 'twitch.com/artandmusicstreaming'),
    ('ArcaneNinja', 'twitch.com/artandmusicstreaming'),
    ('ElementalGoddess', 'twitch.com/artandmusicstreaming'),
    ('DragonSlayerX', 'twitch.com/artandmusicstreaming'),
    ('EnchantedWarrior', 'twitch.com/artandmusicstreaming'),
    ('SorceressQueen', 'twitch.com/artandmusicstreaming'),
    ('EternalFlameX', 'twitch.com/artandmusicstreaming'),
    ('CelestialSiren', 'twitch.com/artandmusicstreaming'),
    ('GalaxyGiver', 'twitch.com/artandmusicstreaming'),
    ('MysticSeekerX', 'twitch.com/artandmusicstreaming'),
    ('SunlightSavior', 'twitch.com/artandmusicstreaming'),
    ('EmeraldEmbraceX', 'twitch.com/artandmusicstreaming'),
    ('PhoenixRising', 'twitch.com/artandmusicstreaming'),
    ('MysticalMermaid', 'twitch.com/artandmusicstreaming'),
    ('CosmicCrafterX', 'twitch.com/artandmusicstreaming'),
    ('GlowingGuard', 'twitch.com/artandmusicstreaming');

INSERT INTO Live_In_Diretta (URL, Titolo, Numero_Spettatori, Ora_Inizio, URL_Img_Copertina, Streamer) VALUES
    ('twitch.com/artandmusicstreaming/diretta.html', 'live_su_fortnite', 30, '17:00:00', 'twitch.com/artandmusicstreaming/diretta.jpg', 'artandmusicstreaming');

INSERT INTO Messaggio (Live, Username, Orario, Testo) VALUES
    ('twitch.com/artandmusicstreaming/diretta.html', 'cookingandrecipeslive', '17:00:30', 'ciaooo, che bello essere qui!!'),
    ('twitch.com/artandmusicstreaming/diretta.html', 'cookingandrecipeslive', '17:01:00', 'qualcuno mi dice come si chiama questo gioco?'),
    ('twitch.com/artandmusicstreaming/diretta.html', 'esportsgamingchannel', '17:01:30', 'trovati un lavoro vero');

INSERT INTO Offerta (Affiliate, Tipo) VALUES
    ('artandmusicstreaming', 'no_publicita'),
    ('artandmusicstreaming', 'emoticons'),
    ('artandmusicstreaming', 'icona_canale');

INSERT INTO Subscription (Registrato, Affiliate) VALUES
    ('esportsgamingchannel', 'artandmusicstreaming'),
    ('cookingandrecipeslive', 'artandmusicstreaming');

INSERT INTO Tag_LiveInDiretta (URL, Tag) VALUES
    ('twitch.com/artandmusicstreaming/diretta.html', 'Fortnite'),
    ('twitch.com/artandmusicstreaming/diretta.html', 'drop_attivi');

INSERT INTO Spettatore (Registrato, Live_In_Diretta) VALUES
    ('cookingandrecipeslive', 'twitch.com/artandmusicstreaming/diretta.html'),
    ('esportsgamingchannel', 'twitch.com/artandmusicstreaming/diretta.html'),
    ('CosmicCrafterX', 'twitch.com/artandmusicstreaming/diretta.html');